variable,ws,model1,model2,u long,p long,u lat,p lat
no abs,10,Bi,Conv,559906527712.0,3.970374706861969e-22,440823526333.0,0.0
no abs,10,Bi,actual,515915323499.0,0.0,449462153747.0,0.0
no abs,10,Bi,GRU_Att_1,486084565776.0,0.0,488551892527.0,0.0
no abs,10,Bi,GRU_Att_2,557232993303.0,6.8335955676416195e-49,441988999600.0,0.0
no abs,10,Bi,GRU_Att_3,539399382215.0,0.0,441682931844.0,0.0
no abs,10,Bi,GRU_Att_4,512686343440.0,0.0,496968858434.0,0.0
no abs,10,Bi,GRU_Linear,507782377412.0,0.0,373970933017.0,0.0
no abs,10,Bi,GRU_Reference,524086482777.0,0.0,558481179154.0,4.84553105797021e-35
no abs,10,Bi,GRU_Third,521582994136.0,0.0,531818401313.0,0.0
no abs,10,Bi,GRU_Twice,459787739481.0,0.0,249131882690.0,0.0
no abs,10,Bi,LSTM_Linear,485500063558.0,0.0,529916532344.0,0.0
no abs,10,Bi,LSTM_Reference,554459973284.0,3.526739758984801e-88,539745241811.0,0.0
no abs,10,Bi,LSTM_Third,420681352401.0,0.0,474134934452.0,0.0
no abs,10,Bi,LSTM_Twice,557881939083.0,2.149806747277477e-41,511330578219.0,0.0
no abs,10,Bi,RNN_Linear,479147931346.0,0.0,560386077241.0,1.775690405457384e-18
no abs,10,Bi,RNN_Reference,394531689767.0,0.0,537946342366.0,0.0
no abs,10,Bi,RNN_Third,560822235154.0,1.8492965159440603e-15,505224160937.0,0.0
no abs,10,Bi,RNN_Twice,450500878799.0,0.0,454934870346.0,0.0
no abs,10,Bi,UniTS,552696032580.0,2.7291310596349317e-119,431792301388.0,0.0
no abs,10,Conv,actual,547182416433.0,2.937966956778665e-247,458154961813.0,0.0
no abs,10,Conv,GRU_Att_1,499537709297.0,0.0,462282318796.0,0.0
no abs,10,Conv,GRU_Att_2,561931367527.0,4.444286690032852e-09,461548347273.0,0.0
no abs,10,Conv,GRU_Att_3,561965901272.0,6.558718014376979e-09,480322986262.0,0.0
no abs,10,Conv,GRU_Att_4,542806434539.0,0.0,433865793482.0,0.0
no abs,10,Conv,GRU_Linear,564408474128.0,0.2256241056822893,495449800783.0,0.0
no abs,10,Conv,GRU_Reference,526933338203.0,0.0,437251191709.0,0.0
no abs,10,Conv,GRU_Third,465675703914.0,0.0,329645431103.0,0.0
no abs,10,Conv,GRU_Twice,553733021272.0,2.0075376625472113e-100,394916930279.0,0.0
no abs,10,Conv,LSTM_Linear,467392436421.0,0.0,494884517079.0,0.0
no abs,10,Conv,LSTM_Reference,531553934984.0,0.0,402376741951.0,0.0
no abs,10,Conv,LSTM_Third,482910430636.0,0.0,520352314888.0,0.0
no abs,10,Conv,LSTM_Twice,556519779600.0,7.123782862014033e-58,400369855984.0,0.0
no abs,10,Conv,RNN_Linear,487899937766.0,0.0,413791050003.0,0.0
no abs,10,Conv,RNN_Reference,369561381118.0,0.0,384445776727.0,0.0
no abs,10,Conv,RNN_Third,529636258229.0,0.0,535711896261.0,0.0
no abs,10,Conv,RNN_Twice,471379734594.0,0.0,509308507366.0,0.0
no abs,10,Conv,UniTS,561844547339.0,1.6405979171520816e-09,476589068367.0,0.0
no abs,20,Bi,Conv,502088920685.5,0.0,537783026319.0,3.550960821753374e-24
no abs,20,Bi,actual,530194946110.0,3.784760429188312e-136,496496158326.0,0.0
no abs,20,Bi,GRU_Att_1,519188981743.0,0.0,527213749020.0,9.983451736352137e-206
no abs,20,Bi,GRU_Att_2,526241750074.0,1.5470017617658653e-231,508178696179.0,0.0
no abs,20,Bi,GRU_Att_3,466747903926.0,0.0,534410038368.0,2.0338473816105337e-62
no abs,20,Bi,GRU_Att_4,420866653175.0,0.0,510149628599.0,0.0
no abs,20,Bi,GRU_Linear,467448099228.0,0.0,349939662249.0,0.0
no abs,20,Bi,GRU_Reference,438251676298.0,0.0,344558898467.0,0.0
no abs,20,Bi,GRU_Third,499033044978.0,0.0,435140383490.0,0.0
no abs,20,Bi,GRU_Twice,277175412302.0,0.0,405073191102.0,0.0
no abs,20,Bi,LSTM_Linear,468239688828.0,0.0,539087591359.0,2.5873439594065987e-14
no abs,20,Bi,LSTM_Reference,542242736126.0,0.13137349710938076,480023388205.0,0.0
no abs,20,Bi,LSTM_Third,415479274981.0,0.0,355905767842.0,0.0
no abs,20,Bi,LSTM_Twice,511054690767.0,0.0,347035248168.0,0.0
no abs,20,Bi,RNN_Linear,511272942212.0,0.0,474631883204.0,0.0
no abs,20,Bi,RNN_Reference,391449177351.0,0.0,445574756054.0,0.0
no abs,20,Bi,RNN_Third,480415872421.0,0.0,526386284460.0,1.332331285385058e-227
no abs,20,Bi,RNN_Twice,346072554258.0,0.0,451063984839.0,0.0
no abs,20,Bi,UniTS,498454370604.0,0.0,506460801561.0,0.0
no abs,20,Conv,actual,529342058319.0,1.4057417631681315e-154,503982474206.0,0.0
no abs,20,Conv,GRU_Att_1,493785211547.0,0.0,526062768389.0,1.859567605988985e-236
no abs,20,Conv,GRU_Att_2,494277744654.0,0.0,505451707173.0,0.0
no abs,20,Conv,GRU_Att_3,524011376966.0,1.435563791779808e-296,510325440327.0,0.0
no abs,20,Conv,GRU_Att_4,497863660361.0,0.0,505659366802.0,0.0
no abs,20,Conv,GRU_Linear,440045612961.0,0.0,389415084107.0,0.0
no abs,20,Conv,GRU_Reference,432569769295.0,0.0,378358543010.0,0.0
no abs,20,Conv,GRU_Third,441205504831.0,0.0,476792336875.0,0.0
no abs,20,Conv,GRU_Twice,283256664356.0,0.0,403302576284.0,0.0
no abs,20,Conv,LSTM_Linear,503294403173.0,0.0,526529038621.0,9.504161173404445e-224
no abs,20,Conv,LSTM_Reference,514570626739.0,0.0,501228659613.0,0.0
no abs,20,Conv,LSTM_Third,483221003859.0,0.0,338558043844.0,0.0
no abs,20,Conv,LSTM_Twice,536805071013.0,2.2792604064119383e-33,359187611239.0,0.0
no abs,20,Conv,RNN_Linear,497232184192.0,0.0,508166381132.0,0.0
no abs,20,Conv,RNN_Reference,447960200687.0,0.0,501261333589.0,0.0
no abs,20,Conv,RNN_Third,515408084202.0,0.0,460379984387.0,0.0
no abs,20,Conv,RNN_Twice,419820519279.0,0.0,449862671888.0,0.0
no abs,20,Conv,UniTS,538386515427.0,2.8381825476235307e-19,513114818164.0,0.0
no abs,2,Bi,Conv,445797427333.5,0.0,549639121013.5,0.0
no abs,2,Bi,actual,512236003683.0,0.0,543441742843.0,0.0
no abs,2,Bi,GRU_Att_1,507433720162.0,0.0,522414510864.0,0.0
no abs,2,Bi,GRU_Att_2,504154791554.0,0.0,538582405156.0,0.0
no abs,2,Bi,GRU_Att_3,507260324818.0,0.0,540624707272.0,0.0
no abs,2,Bi,GRU_Att_4,504765424947.0,0.0,537530855392.0,0.0
no abs,2,Bi,GRU_Linear,383276809100.0,0.0,483585260982.0,0.0
no abs,2,Bi,GRU_Reference,563166286738.0,1.3659306315498126e-276,327738517235.0,0.0
no abs,2,Bi,GRU_Third,258496617735.0,0.0,462197424522.0,0.0
no abs,2,Bi,GRU_Twice,444126076738.0,0.0,419499730487.0,0.0
no abs,2,Bi,LSTM_Linear,508124544119.0,0.0,372738649176.0,0.0
no abs,2,Bi,LSTM_Reference,543438411730.0,0.0,285124434062.0,0.0
no abs,2,Bi,LSTM_Third,498445635839.0,0.0,368260778738.0,0.0
no abs,2,Bi,LSTM_Twice,551987515759.0,0.0,580292110770.0,4.523505902512444e-05
no abs,2,Bi,RNN_Linear,459043624456.0,0.0,554127348839.0,0.0
no abs,2,Bi,RNN_Reference,525769403082.0,0.0,528635381451.0,0.0
no abs,2,Bi,RNN_Third,503636579133.0,0.0,448458587137.0,0.0
no abs,2,Bi,RNN_Twice,553032063275.0,0.0,436781631946.0,0.0
no abs,2,Bi,UniTS,490418956434.0,0.0,532584976631.0,0.0
no abs,2,Conv,actual,478545779852.0,0.0,546803415271.0,0.0
no abs,2,Conv,GRU_Att_1,473516038905.0,0.0,527497500798.0,0.0
no abs,2,Conv,GRU_Att_2,480850680862.0,0.0,539991520721.0,0.0
no abs,2,Conv,GRU_Att_3,477213171214.0,0.0,543602087739.0,0.0
no abs,2,Conv,GRU_Att_4,478639091832.0,0.0,547116502119.0,0.0
no abs,2,Conv,GRU_Linear,479266868862.0,0.0,461718831075.0,0.0
no abs,2,Conv,GRU_Reference,434845648539.0,0.0,254477480413.0,0.0
no abs,2,Conv,GRU_Third,368596008966.0,0.0,492493272573.0,0.0
no abs,2,Conv,GRU_Twice,549593980518.0,0.0,558057447920.0,0.0
no abs,2,Conv,LSTM_Linear,507518301030.0,0.0,412273531329.0,0.0
no abs,2,Conv,LSTM_Reference,529814871696.0,0.0,315623005258.0,0.0
no abs,2,Conv,LSTM_Third,580670614647.0,0.0007150834620735311,425649096879.0,0.0
no abs,2,Conv,LSTM_Twice,510444222526.0,0.0,563174951821.0,2.4054930852116854e-276
no abs,2,Conv,RNN_Linear,473327310395.0,0.0,576423086676.0,4.792558723380669e-29
no abs,2,Conv,RNN_Reference,509042318916.0,0.0,502550298304.0,0.0
no abs,2,Conv,RNN_Third,562820843977.0,1.7692081134217117e-286,497574132073.0,0.0
no abs,2,Conv,RNN_Twice,533199835757.0,0.0,453037467565.0,0.0
no abs,2,Conv,UniTS,488770671587.0,0.0,551817673314.0,0.0
no abs,30,Bi,Conv,458579658575.0,0.0,499125237754.5,0.0
no abs,30,Bi,actual,486054608763.0,0.0,517633075226.0,2.384773075169568e-22
no abs,30,Bi,GRU_Att_1,355800431447.0,0.0,492676854508.0,0.0
no abs,30,Bi,GRU_Att_2,489899478558.0,0.0,473616211204.0,0.0
no abs,30,Bi,GRU_Att_3,443822410991.0,0.0,439401337924.0,0.0
no abs,30,Bi,GRU_Att_4,453932530985.0,0.0,479416834278.0,0.0
no abs,30,Bi,GRU_Linear,309330386757.0,0.0,428784867108.0,0.0
no abs,30,Bi,GRU_Reference,447556359311.0,0.0,426281242130.0,0.0
no abs,30,Bi,GRU_Third,416256406558.0,0.0,500671626624.0,0.0
no abs,30,Bi,GRU_Twice,360054491124.0,0.0,507452642645.0,6.863533390983347e-198
no abs,30,Bi,LSTM_Linear,365111645775.0,0.0,512727205715.0,1.0866119759089934e-84
no abs,30,Bi,LSTM_Reference,393731172928.0,0.0,457161722532.0,0.0
no abs,30,Bi,LSTM_Third,501825864021.0,0.0,319966984406.0,0.0
no abs,30,Bi,LSTM_Twice,415783740516.0,0.0,466279386393.0,0.0
no abs,30,Bi,RNN_Linear,406209493553.0,0.0,460596543564.0,0.0
no abs,30,Bi,RNN_Reference,447880745035.0,0.0,417668531226.0,0.0
no abs,30,Bi,RNN_Third,485486896855.0,0.0,474967957800.0,0.0
no abs,30,Bi,RNN_Twice,388902392995.0,0.0,486962286959.0,0.0
no abs,30,Bi,UniTS,515102238650.0,2.3750723771967742e-49,499351151457.0,0.0
no abs,30,Conv,actual,478736946896.0,0.0,511950077664.0,2.3247725818316298e-98
no abs,30,Conv,GRU_Att_1,316131460315.0,0.0,482195754647.0,0.0
no abs,30,Conv,GRU_Att_2,462231743117.0,0.0,457994809847.0,0.0
no abs,30,Conv,GRU_Att_3,416556022890.0,0.0,428604594584.0,0.0
no abs,30,Conv,GRU_Att_4,428569869553.0,0.0,509303993924.0,1.06142654565183e-152
no abs,30,Conv,GRU_Linear,357655571915.0,0.0,438670329801.0,0.0
no abs,30,Conv,GRU_Reference,426330952434.0,0.0,409266386773.0,0.0
no abs,30,Conv,GRU_Third,400162734349.0,0.0,498503169373.0,0.0
no abs,30,Conv,GRU_Twice,345729456537.0,0.0,506601342800.0,1.189756360032144e-220
no abs,30,Conv,LSTM_Linear,357719262839.0,0.0,500151189033.0,0.0
no abs,30,Conv,LSTM_Reference,358024842041.0,0.0,442597073819.0,0.0
no abs,30,Conv,LSTM_Third,507510162577.0,2.1350948877584944e-196,330531775836.0,0.0
no abs,30,Conv,LSTM_Twice,384139477283.0,0.0,461385049426.0,0.0
no abs,30,Conv,RNN_Linear,462275791866.0,0.0,447270608791.0,0.0
no abs,30,Conv,RNN_Reference,460920233981.0,0.0,425988747648.0,0.0
no abs,30,Conv,RNN_Third,520642700558.0,0.0001943997134320369,485664948788.0,0.0
no abs,30,Conv,RNN_Twice,437377745538.0,0.0,480876995042.0,0.0
no abs,30,Conv,UniTS,498038362341.0,0.0,490140122958.0,0.0
no abs,3,Bi,Conv,549112856190.0,0.0,513566475336.5,0.0
no abs,3,Bi,actual,488251689649.0,0.0,506585316151.0,0.0
no abs,3,Bi,GRU_Att_1,505648557660.0,0.0,503755224147.0,0.0
no abs,3,Bi,GRU_Att_2,508343952392.0,0.0,512118345507.0,0.0
no abs,3,Bi,GRU_Att_3,502074900101.0,0.0,514717607787.0,0.0
no abs,3,Bi,GRU_Att_4,499200766675.0,0.0,511530564929.0,0.0
no abs,3,Bi,GRU_Linear,569698732096.0,6.659083269693729e-87,442564784447.0,0.0
no abs,3,Bi,GRU_Reference,347878034435.0,0.0,512392929870.0,0.0
no abs,3,Bi,GRU_Third,392020526150.0,0.0,413496369627.0,0.0
no abs,3,Bi,GRU_Twice,551546388469.0,0.0,491629284037.0,0.0
no abs,3,Bi,LSTM_Linear,515634983860.0,0.0,564225913783.0,1.2173001865037783e-195
no abs,3,Bi,LSTM_Reference,428936559084.0,0.0,463195107147.0,0.0
no abs,3,Bi,LSTM_Third,556343729720.0,0.0,508521598894.0,0.0
no abs,3,Bi,LSTM_Twice,489219684521.0,0.0,568972439772.0,8.46338602773901e-99
no abs,3,Bi,RNN_Linear,428792843534.0,0.0,575961453168.0,1.9531350261556095e-16
no abs,3,Bi,RNN_Reference,548465646539.0,0.0,501907088742.0,0.0
no abs,3,Bi,RNN_Third,545368945390.0,0.0,539361599571.0,0.0
no abs,3,Bi,RNN_Twice,554065257169.0,0.0,456978735915.0,0.0
no abs,3,Bi,UniTS,457501306760.0,0.0,482100264748.0,0.0
no abs,3,Conv,actual,454871376080.0,0.0,368097041415.0,0.0
no abs,3,Conv,GRU_Att_1,466630587194.0,0.0,360380609801.0,0.0
no abs,3,Conv,GRU_Att_2,478231391118.0,0.0,370367506614.0,0.0
no abs,3,Conv,GRU_Att_3,467220393631.0,0.0,374806531282.0,0.0
no abs,3,Conv,GRU_Att_4,463734311224.0,0.0,372554803551.0,0.0
no abs,3,Conv,GRU_Linear,579360607009.0,0.0494751731410005,464410608812.0,0.0
no abs,3,Conv,GRU_Reference,349092730141.0,0.0,557843582877.0,0.0
no abs,3,Conv,GRU_Third,521074425106.0,0.0,341459106669.0,0.0
no abs,3,Conv,GRU_Twice,510413088811.0,0.0,435902762365.0,0.0
no abs,3,Conv,LSTM_Linear,511916622559.0,0.0,458616549970.0,0.0
no abs,3,Conv,LSTM_Reference,338016098685.0,0.0,396835397680.0,0.0
no abs,3,Conv,LSTM_Third,538284645328.0,0.0,497283938058.0,0.0
no abs,3,Conv,LSTM_Twice,523611103714.0,0.0,502205008212.0,0.0
no abs,3,Conv,RNN_Linear,453923662316.0,0.0,548633212076.0,0.0
no abs,3,Conv,RNN_Reference,466904143578.0,0.0,501107796734.0,0.0
no abs,3,Conv,RNN_Third,523892698203.0,0.0,532891515471.0,0.0
no abs,3,Conv,RNN_Twice,575493618662.0,1.0221543818909334e-19,494104413233.0,0.0
no abs,3,Conv,UniTS,407557976273.0,0.0,329670186876.0,0.0
no abs,4,Bi,Conv,546519511462.0,0.0,396833712908.5,0.0
no abs,4,Bi,actual,570972239588.0,2.927102114030231e-40,522463015781.0,0.0
no abs,4,Bi,GRU_Att_1,559102281215.0,1.4913436831251496e-271,531078493569.0,0.0
no abs,4,Bi,GRU_Att_2,546098750692.0,0.0,514093678266.0,0.0
no abs,4,Bi,GRU_Att_3,551442367331.0,0.0,512703304648.0,0.0
no abs,4,Bi,GRU_Att_4,545763049858.0,0.0,519060380115.0,0.0
no abs,4,Bi,GRU_Linear,539931632862.0,0.0,552617977511.0,0.0
no abs,4,Bi,GRU_Reference,403023511910.0,0.0,406226451605.0,0.0
no abs,4,Bi,GRU_Third,538029875141.0,0.0,531547856642.0,0.0
no abs,4,Bi,GRU_Twice,536842478630.0,0.0,446395640667.0,0.0
no abs,4,Bi,LSTM_Linear,490680750216.0,0.0,493113438897.0,0.0
no abs,4,Bi,LSTM_Reference,384877441676.0,0.0,540891071320.0,0.0
no abs,4,Bi,LSTM_Third,459202131650.0,0.0,565102185405.0,1.3517508047033537e-128
no abs,4,Bi,LSTM_Twice,567510581840.0,3.413717945690197e-86,513870510174.0,0.0
no abs,4,Bi,RNN_Linear,556927713085.0,0.0,543826227380.0,0.0
no abs,4,Bi,RNN_Reference,538069492809.0,0.0,371670196986.0,0.0
no abs,4,Bi,RNN_Third,347995804001.0,0.0,490107819295.0,0.0
no abs,4,Bi,RNN_Twice,533626032679.0,0.0,455621726250.0,0.0
no abs,4,Bi,UniTS,554719019276.0,0.0,536987097628.0,0.0
no abs,4,Conv,actual,559573929877.0,2.19390078101512e-258,450238339166.0,0.0
no abs,4,Conv,GRU_Att_1,567105065735.0,9.8665188581176e-93,436667253870.0,0.0
no abs,4,Conv,GRU_Att_2,569673791055.0,2.0434399173873204e-55,470752232654.0,0.0
no abs,4,Conv,GRU_Att_3,570398798987.0,1.201088110389385e-46,463651839538.0,0.0
no abs,4,Conv,GRU_Att_4,576612580235.0,0.004186676842586365,454717840822.0,0.0
no abs,4,Conv,GRU_Linear,559096093303.0,9.968565162140363e-272,454841955957.0,0.0
no abs,4,Conv,GRU_Reference,449190300459.0,0.0,377814130100.0,0.0
no abs,4,Conv,GRU_Third,568188334007.0,8.310215186389444e-76,469265773214.0,0.0
no abs,4,Conv,GRU_Twice,534641961102.0,0.0,511479239285.0,0.0
no abs,4,Conv,LSTM_Linear,530985825335.0,0.0,390363030852.0,0.0
no abs,4,Conv,LSTM_Reference,434978508011.0,0.0,475461301664.0,0.0
no abs,4,Conv,LSTM_Third,482301303885.0,0.0,534678797883.0,0.0
no abs,4,Conv,LSTM_Twice,524182591390.0,0.0,562413600498.0,4.5667104622298324e-186
no abs,4,Conv,RNN_Linear,554353748646.0,0.0,574247770916.0,4.760770980062705e-13
no abs,4,Conv,RNN_Reference,539066967177.0,0.0,404240571149.0,0.0
no abs,4,Conv,RNN_Third,365125757755.0,0.0,577109842665.0,0.05174942596269676
no abs,4,Conv,RNN_Twice,553537191554.0,0.0,427034786688.0,0.0
no abs,4,Conv,UniTS,539185599897.0,0.0,430577482562.0,0.0
no abs,5,Bi,Conv,507722648870.5,0.0,508339911361.5,0.0
no abs,5,Bi,actual,563664137019.0,5.57226814613172e-115,452244834524.0,0.0
no abs,5,Bi,GRU_Att_1,561084292377.0,2.513164071405404e-167,460207240227.0,0.0
no abs,5,Bi,GRU_Att_2,568963406823.0,1.7000351641500663e-38,451661422148.0,0.0
no abs,5,Bi,GRU_Att_3,565301190772.0,6.725676887310922e-87,433612984375.0,0.0
no abs,5,Bi,GRU_Att_4,558294594209.0,4.457170294073126e-235,441082155148.0,0.0
no abs,5,Bi,GRU_Linear,506566841974.0,0.0,455188292285.0,0.0
no abs,5,Bi,GRU_Reference,469527655680.0,0.0,322453192911.0,0.0
no abs,5,Bi,GRU_Third,418294316139.0,0.0,533617912133.0,0.0
no abs,5,Bi,GRU_Twice,568840206327.0,8.426526607313398e-40,368701622987.0,0.0
no abs,5,Bi,LSTM_Linear,526600466604.0,0.0,394314792812.0,0.0
no abs,5,Bi,LSTM_Reference,502016646313.0,0.0,391228832734.0,0.0
no abs,5,Bi,LSTM_Third,550268431439.0,0.0,561557314433.0,5.4886102630938805e-157
no abs,5,Bi,LSTM_Twice,363350705365.0,0.0,456409714994.0,0.0
no abs,5,Bi,RNN_Linear,382009648591.0,0.0,575195461289.0,0.15265096413315365
no abs,5,Bi,RNN_Reference,486583044628.0,0.0,385869031348.0,0.0
no abs,5,Bi,RNN_Third,498760104651.0,0.0,450921578941.0,0.0
no abs,5,Bi,RNN_Twice,423287506096.0,0.0,528311783547.0,0.0
no abs,5,Bi,UniTS,527605939458.0,0.0,466565411147.0,0.0
no abs,5,Conv,actual,548641508148.0,0.0,532310436622.0,0.0
no abs,5,Conv,GRU_Att_1,548962726394.0,0.0,550357127597.0,0.0
no abs,5,Conv,GRU_Att_2,536110650141.0,0.0,524799593392.0,0.0
no abs,5,Conv,GRU_Att_3,544488179329.0,0.0,508381139006.0,0.0
no abs,5,Conv,GRU_Att_4,534466856406.0,0.0,522111196861.0,0.0
no abs,5,Conv,GRU_Linear,486209771154.0,0.0,426451180737.0,0.0
no abs,5,Conv,GRU_Reference,570444846299.0,1.4474050802003184e-24,324183819091.0,0.0
no abs,5,Conv,GRU_Third,562285959631.0,1.0340495270384951e-141,553631868148.0,0.0
no abs,5,Conv,GRU_Twice,569135809462.0,1.043777376493848e-36,445996044916.0,0.0
no abs,5,Conv,LSTM_Linear,515421935313.0,0.0,416613345247.0,0.0
no abs,5,Conv,LSTM_Reference,486288434541.0,0.0,441764082996.0,0.0
no abs,5,Conv,LSTM_Third,547876677360.0,0.0,555486749580.0,0.0
no abs,5,Conv,LSTM_Twice,480749298190.0,0.0,450634277612.0,0.0
no abs,5,Conv,RNN_Linear,499018514061.0,0.0,511703668898.0,0.0
no abs,5,Conv,RNN_Reference,567291273986.0,3.985960589761819e-58,339808966500.0,0.0
no abs,5,Conv,RNN_Third,494601695932.0,0.0,487535510605.0,0.0
no abs,5,Conv,RNN_Twice,391437465072.0,0.0,562802822920.0,2.3492303258570557e-131
no abs,5,Conv,UniTS,566714380002.0,7.333733023598406e-66,552862018254.0,0.0
speed actual dir,10,Bi,Conv,550909631690.0,1.943806269975788e-196,557146048221.0,4.395325366551864e-74
speed actual dir,10,Bi,actual,546933795075.0,2.1798513562053163e-305,565567124946.0,0.015455721258242527
speed actual dir,10,Bi,GRU_Att_1,538928530900.0,0.0,566156065809.0,0.5358190546485302
speed actual dir,10,Bi,GRU_Att_2,540963341931.0,0.0,566201635037.0,0.5935661145228015
speed actual dir,10,Bi,GRU_Att_3,543068673754.0,0.0,563923424684.0,1.5335081123336872e-06
speed actual dir,10,Bi,GRU_Att_4,539997573526.0,0.0,563820084298.0,5.755572594856653e-07
speed actual dir,10,Bi,GRU_Linear,544624702792.0,0.0,564786681860.0,0.0014343718944182689
speed actual dir,10,Bi,GRU_Reference,395493237649.5,0.0,545553531926.0,0.0
speed actual dir,10,Bi,GRU_Third,395493237649.5,0.0,545553531926.0,0.0
speed actual dir,10,Bi,GRU_Twice,395493237649.5,0.0,545553531926.0,0.0
speed actual dir,10,Bi,LSTM_Linear,540953470389.0,0.0,564887406915.0,0.002711182118014716
speed actual dir,10,Bi,LSTM_Reference,395493237649.5,0.0,545553531926.0,0.0
speed actual dir,10,Bi,LSTM_Third,395493237649.5,0.0,545553531926.0,0.0
speed actual dir,10,Bi,LSTM_Twice,395493237649.5,0.0,545553531926.0,0.0
speed actual dir,10,Bi,RNN_Linear,536125697387.0,0.0,563029997442.0,9.016556749542963e-11
speed actual dir,10,Bi,RNN_Reference,395493237649.5,0.0,545553531926.0,0.0
speed actual dir,10,Bi,RNN_Third,395493237649.5,0.0,545553531926.0,0.0
speed actual dir,10,Bi,RNN_Twice,395493237649.5,0.0,545553531926.0,0.0
speed actual dir,10,Bi,UniTS,531864461691.0,0.0,559564588936.0,1.5376997999226313e-38
speed actual dir,10,Conv,actual,556240712845.0,3.6061931051012413e-88,565654768151.0,0.023994764542713074
speed actual dir,10,Conv,GRU_Att_1,538376019181.0,0.0,566062783470.0,0.42712937344051594
speed actual dir,10,Conv,GRU_Att_2,540618663712.0,0.0,566068151366.0,0.43301362482978656
speed actual dir,10,Conv,GRU_Att_3,542331696231.0,0.0,564574618138.0,0.000336558515282648
speed actual dir,10,Conv,GRU_Att_4,539919387966.0,0.0,564431460880.0,0.00011691375525654522
speed actual dir,10,Conv,GRU_Linear,544149309200.0,0.0,563668323880.0,1.2549841999949267e-07
speed actual dir,10,Conv,GRU_Reference,390762066399.5,0.0,545431159895.0,0.0
speed actual dir,10,Conv,GRU_Third,390762066399.5,0.0,545431159895.0,0.0
speed actual dir,10,Conv,GRU_Twice,390762066399.5,0.0,545431159895.0,0.0
speed actual dir,10,Conv,LSTM_Linear,540740573688.0,0.0,563408953065.0,7.843305247803663e-09
speed actual dir,10,Conv,LSTM_Reference,390762066399.5,0.0,545431159895.0,0.0
speed actual dir,10,Conv,LSTM_Third,390762066399.5,0.0,545431159895.0,0.0
speed actual dir,10,Conv,LSTM_Twice,390762066399.5,0.0,545431159895.0,0.0
speed actual dir,10,Conv,RNN_Linear,535545538562.0,0.0,561607899006.0,5.695827372100046e-20
speed actual dir,10,Conv,RNN_Reference,390762066399.5,0.0,545431159895.0,0.0
speed actual dir,10,Conv,RNN_Third,390762066399.5,0.0,545431159895.0,0.0
speed actual dir,10,Conv,RNN_Twice,390762066399.5,0.0,545431159895.0,0.0
speed actual dir,10,Conv,UniTS,531025986730.0,0.0,557417624778.0,6.98616887511111e-65
speed actual dir,20,Bi,Conv,516922813474.0,0.0,529999733578.0,8.58706908183696e-178
speed actual dir,20,Bi,actual,538621839380.0,5.210606609790888e-32,543086676316.0,0.0016249381390603024
speed actual dir,20,Bi,GRU_Att_1,525341501750.0,1.0293108268801967e-297,543943486992.0,0.3511888251543146
speed actual dir,20,Bi,GRU_Att_2,525020315282.0,9.577615760561453e-308,544027260282.0,0.4410600533575696
speed actual dir,20,Bi,GRU_Att_3,524293761510.0,0.0,543330601835.0,0.034292952791400204
speed actual dir,20,Bi,GRU_Att_4,523404582829.0,0.0,542746943337.0,0.0011767458865631067
speed actual dir,20,Bi,GRU_Linear,515860715135.0,0.0,533809168101.0,1.5179450546581723e-93
speed actual dir,20,Bi,GRU_Reference,387136854107.5,0.0,527770164350.0,2.7170330725851005e-227
speed actual dir,20,Bi,GRU_Third,387136854107.5,0.0,527770164350.0,2.7170330725851005e-227
speed actual dir,20,Bi,GRU_Twice,387136854107.5,0.0,527770164350.0,2.7170330725851005e-227
speed actual dir,20,Bi,LSTM_Linear,518573965708.0,0.0,536420179199.0,5.3989945436872e-54
speed actual dir,20,Bi,LSTM_Reference,387136854107.5,0.0,527770164350.0,2.7170330725851005e-227
speed actual dir,20,Bi,LSTM_Third,387136854107.5,0.0,527770164350.0,2.7170330725851005e-227
speed actual dir,20,Bi,LSTM_Twice,387136854107.5,0.0,527770164350.0,2.7170330725851005e-227
speed actual dir,20,Bi,RNN_Linear,522483875549.0,0.0,532901461349.0,7.056263741731565e-110
speed actual dir,20,Bi,RNN_Reference,387136854107.5,0.0,527770164350.0,2.7170330725851005e-227
speed actual dir,20,Bi,RNN_Third,387136854107.5,0.0,527770164350.0,2.7170330725851005e-227
speed actual dir,20,Bi,RNN_Twice,387136854107.5,0.0,527770164350.0,2.7170330725851005e-227
speed actual dir,20,Bi,UniTS,519073198053.0,0.0,535597809060.0,2.911572606015232e-65
speed actual dir,20,Conv,actual,518682300659.0,0.0,542853688643.0,0.00031647007848495124
speed actual dir,20,Conv,GRU_Att_1,512235393141.0,0.0,543149628985.0,0.013651023678109516
speed actual dir,20,Conv,GRU_Att_2,511864116164.0,0.0,543992981905.0,0.4027932225830333
speed actual dir,20,Conv,GRU_Att_3,511630515073.0,0.0,542517642024.0,0.00022642031449045418
speed actual dir,20,Conv,GRU_Att_4,511188796264.0,0.0,541978893079.0,2.260521604240493e-06
speed actual dir,20,Conv,GRU_Linear,529028616051.0,1.5025552292588687e-194,534698616424.0,7.804364457180518e-79
speed actual dir,20,Conv,GRU_Reference,370599507885.5,0.0,527714208285.0,8.291600365800961e-229
speed actual dir,20,Conv,GRU_Third,370599507885.5,0.0,527714208285.0,8.291600365800961e-229
speed actual dir,20,Conv,GRU_Twice,370599507885.5,0.0,527714208285.0,8.291600365800961e-229
speed actual dir,20,Conv,LSTM_Linear,530781513150.0,3.228560910085073e-153,538119323723.0,3.5940323168861552e-34
speed actual dir,20,Conv,LSTM_Reference,370599507885.5,0.0,527714208285.0,8.291600365800961e-229
speed actual dir,20,Conv,LSTM_Third,370599507885.5,0.0,527714208285.0,8.291600365800961e-229
speed actual dir,20,Conv,LSTM_Twice,370599507885.5,0.0,527714208285.0,8.291600365800961e-229
speed actual dir,20,Conv,RNN_Linear,535833648031.0,6.417486925531687e-62,533527116859.0,1.774129912535882e-98
speed actual dir,20,Conv,RNN_Reference,370599507885.5,0.0,527714208285.0,8.291600365800961e-229
speed actual dir,20,Conv,RNN_Third,370599507885.5,0.0,527714208285.0,8.291600365800961e-229
speed actual dir,20,Conv,RNN_Twice,370599507885.5,0.0,527714208285.0,8.291600365800961e-229
speed actual dir,20,Conv,UniTS,502291419549.0,0.0,536970842455.0,4.644507458017244e-47
speed actual dir,2,Bi,Conv,528290847162.0,0.0,579234975015.0,2.1767176013888325e-19
speed actual dir,2,Bi,actual,581217700693.0,7.885912997203628e-08,577609607970.0,4.3507379297916764e-33
speed actual dir,2,Bi,GRU_Att_1,564777410558.0,2.1357937466939704e-271,581095811045.0,1.2882105172862167e-07
speed actual dir,2,Bi,GRU_Att_2,564661979394.0,1.2084251040199018e-274,581086190000.0,1.169791448854697e-07
speed actual dir,2,Bi,GRU_Att_3,565076456929.0,4.487612564364073e-263,580925629453.0,2.2379659414066375e-08
speed actual dir,2,Bi,GRU_Att_4,565374484012.0,6.864451198020768e-255,580705817242.0,2.045879225020312e-09
speed actual dir,2,Bi,GRU_Linear,561845477811.0,0.0,574916487185.0,5.681961425327571e-62
speed actual dir,2,Bi,GRU_Reference,408101080065.0,0.0,547785100170.5,0.0
speed actual dir,2,Bi,GRU_Third,408101076788.0,0.0,547785018628.5,0.0
speed actual dir,2,Bi,GRU_Twice,408101065303.0,0.0,547784556463.5,0.0
speed actual dir,2,Bi,LSTM_Linear,566048313034.0,5.739898735240883e-237,580376683133.0,4.0638813048672426e-11
speed actual dir,2,Bi,LSTM_Reference,408101077450.0,0.0,547784983068.5,0.0
speed actual dir,2,Bi,LSTM_Third,408101064564.0,0.0,547784533264.5,0.0
speed actual dir,2,Bi,LSTM_Twice,408103964199.0,0.0,548175423245.5,0.0
speed actual dir,2,Bi,RNN_Linear,558229393603.0,0.0,570326439820.0,3.0713485743820956e-138
speed actual dir,2,Bi,RNN_Reference,408101762111.0,0.0,547779149191.5,0.0
speed actual dir,2,Bi,RNN_Third,408101064556.0,0.0,547784533966.5,0.0
speed actual dir,2,Bi,RNN_Twice,408101090277.0,0.0,547785546508.5,0.0
speed actual dir,2,Bi,UniTS,561066823371.0,0.0,583326861793.0,0.2328769288428042
speed actual dir,2,Conv,actual,544912025257.0,0.0,574498718855.0,5.436287369699833e-70
speed actual dir,2,Conv,GRU_Att_1,570622561656.0,2.3071743574499372e-132,579225333668.0,3.0444791851946275e-18
speed actual dir,2,Conv,GRU_Att_2,570250071524.0,9.749242162371192e-140,579302360576.0,1.0477996267809194e-17
speed actual dir,2,Conv,GRU_Att_3,570770205857.0,1.6982526420329954e-129,578854861307.0,6.057367066006264e-21
speed actual dir,2,Conv,GRU_Att_4,571091982070.0,2.4114611006137556e-123,578740258941.0,8.173654551197561e-22
speed actual dir,2,Conv,GRU_Linear,555300306660.0,0.0,578795894023.0,2.1011172886730295e-21
speed actual dir,2,Conv,GRU_Reference,399400335000.0,0.0,552407897472.5,0.0
speed actual dir,2,Conv,GRU_Third,399400331798.0,0.0,552407800163.5,0.0
speed actual dir,2,Conv,GRU_Twice,399400319078.0,0.0,552407364823.5,0.0
speed actual dir,2,Conv,LSTM_Linear,558189459686.0,0.0,582459306374.0,0.005377173958061544
speed actual dir,2,Conv,LSTM_Reference,399400331704.0,0.0,552407789287.5,0.0
speed actual dir,2,Conv,LSTM_Third,399400318319.0,0.0,552407341797.5,0.0
speed actual dir,2,Conv,LSTM_Twice,399403665752.0,0.0,552790967158.5,0.0
speed actual dir,2,Conv,RNN_Linear,551702049374.0,0.0,573838590379.0,3.9869114873917e-77
speed actual dir,2,Conv,RNN_Reference,399400985386.0,0.0,552400018432.5,0.0
speed actual dir,2,Conv,RNN_Third,399400318321.0,0.0,552407342525.5,0.0
speed actual dir,2,Conv,RNN_Twice,399400345139.0,0.0,552408364233.5,0.0
speed actual dir,2,Conv,UniTS,566422144917.0,2.819129197972372e-227,581985839745.0,0.00026065100924720785
speed actual dir,30,Bi,Conv,509933390167.0,1.598176674029821e-175,516467715848.0,1.5400229325349137e-52
speed actual dir,30,Bi,actual,515176557606.0,4.818128377878157e-71,524139190110.0,0.9984572677173054
speed actual dir,30,Bi,GRU_Att_1,523486052251.0,0.4229142038696939,521237697141.0,1.3409274627454772e-07
speed actual dir,30,Bi,GRU_Att_2,504605947474.0,0.0,520354619139.0,2.0511478996432353e-12
speed actual dir,30,Bi,GRU_Att_3,509164473435.0,1.4491217465227313e-188,521996401396.0,0.00016519739160268912
speed actual dir,30,Bi,GRU_Att_4,509807292977.0,1.2740064927544833e-172,519488260782.0,2.057880339750192e-18
speed actual dir,30,Bi,GRU_Linear,520609516956.0,6.780897957730573e-11,515379943600.0,2.8655577183659412e-64
speed actual dir,30,Bi,GRU_Reference,384385501073.5,0.0,513460601342.5,1.3894058759673773e-95
speed actual dir,30,Bi,GRU_Third,384385501073.5,0.0,513460601342.5,1.3894058759673773e-95
speed actual dir,30,Bi,GRU_Twice,384385501073.5,0.0,513460601342.5,1.3894058759673773e-95
speed actual dir,30,Bi,LSTM_Linear,520445587697.0,7.309714460662437e-12,516843174822.0,1.2383294401176773e-44
speed actual dir,30,Bi,LSTM_Reference,384385501073.5,0.0,513460601342.5,1.3894058759673773e-95
speed actual dir,30,Bi,LSTM_Third,384385501073.5,0.0,513460601342.5,1.3894058759673773e-95
speed actual dir,30,Bi,LSTM_Twice,384385501073.5,0.0,513460601342.5,1.3894058759673773e-95
speed actual dir,30,Bi,RNN_Linear,517600851062.0,6.632928488635907e-36,517956397888.0,3.800490605654732e-32
speed actual dir,30,Bi,RNN_Reference,384385501073.5,0.0,513460601342.5,1.3894058759673773e-95
speed actual dir,30,Bi,RNN_Third,384385501073.5,0.0,513460601342.5,1.3894058759673773e-95
speed actual dir,30,Bi,RNN_Twice,384385501073.5,0.0,513460601342.5,1.3894058759673773e-95
speed actual dir,30,Bi,UniTS,508009903912.0,5.946198683463408e-219,517197791874.0,1.9967850685139244e-40
speed actual dir,30,Conv,actual,523451964637.0,0.17122596485081376,523832814680.0,0.5411538139681374
speed actual dir,30,Conv,GRU_Att_1,514461979221.0,1.9546246603155709e-78,521024060927.0,1.2117363610240511e-08
speed actual dir,30,Conv,GRU_Att_2,490633470574.0,0.0,519760808910.0,2.1753706821865452e-16
speed actual dir,30,Conv,GRU_Att_3,493948895684.0,0.0,521483032416.0,1.6838389600042855e-06
speed actual dir,30,Conv,GRU_Att_4,496629390618.0,0.0,519286143809.0,5.3823772837241595e-20
speed actual dir,30,Conv,GRU_Linear,507816385628.0,2.865596297802571e-224,515892156817.0,5.591551918354167e-57
speed actual dir,30,Conv,GRU_Reference,363848811691.5,0.0,512184138981.5,6.63035823128241e-120
speed actual dir,30,Conv,GRU_Third,363848811691.5,0.0,512184138981.5,6.63035823128241e-120
speed actual dir,30,Conv,GRU_Twice,363848811691.5,0.0,512184138981.5,6.63035823128241e-120
speed actual dir,30,Conv,LSTM_Linear,514964886882.0,1.660568478740842e-70,517132177668.0,3.451664845430376e-41
speed actual dir,30,Conv,LSTM_Reference,363848811691.5,0.0,512184138981.5,6.63035823128241e-120
speed actual dir,30,Conv,LSTM_Third,363848811691.5,0.0,512184138981.5,6.63035823128241e-120
speed actual dir,30,Conv,LSTM_Twice,363848811691.5,0.0,512184138981.5,6.63035823128241e-120
speed actual dir,30,Conv,RNN_Linear,505337289046.0,4.532716576097367e-298,518453006831.0,2.9379123747346906e-27
speed actual dir,30,Conv,RNN_Reference,363848811691.5,0.0,512184138981.5,6.63035823128241e-120
speed actual dir,30,Conv,RNN_Third,363848811691.5,0.0,512184138981.5,6.63035823128241e-120
speed actual dir,30,Conv,RNN_Twice,363848811691.5,0.0,512184138981.5,6.63035823128241e-120
speed actual dir,30,Conv,UniTS,494316877302.0,0.0,516934956725.0,1.5938008640795825e-43
speed actual dir,3,Bi,Conv,495707211971.0,0.0,573886803317.0,3.300444873582505e-48
speed actual dir,3,Bi,actual,553283338596.0,0.0,571124308322.0,4.0777044602709095e-86
speed actual dir,3,Bi,GRU_Att_1,553531668346.0,0.0,575538772233.0,1.752845244670037e-31
speed actual dir,3,Bi,GRU_Att_2,553217586826.0,0.0,575618621966.0,9.899962682500094e-31
speed actual dir,3,Bi,GRU_Att_3,554713597611.0,0.0,573935553378.0,2.090291226255168e-48
speed actual dir,3,Bi,GRU_Att_4,554067527562.0,0.0,575640844721.0,1.5895017297781523e-30
speed actual dir,3,Bi,GRU_Linear,561360310517.0,0.0,581386067080.0,0.354828753165193
speed actual dir,3,Bi,GRU_Reference,396426352513.5,0.0,553750618771.5,0.0
speed actual dir,3,Bi,GRU_Third,396426361530.5,0.0,553750680233.5,0.0
speed actual dir,3,Bi,GRU_Twice,396426398899.5,0.0,553751931314.5,0.0
speed actual dir,3,Bi,LSTM_Linear,570967432937.0,1.1541449968805455e-89,573577673337.5,1.049054212335207e-52
speed actual dir,3,Bi,LSTM_Reference,396426951609.5,0.0,553767450596.5,0.0
speed actual dir,3,Bi,LSTM_Third,396426366239.5,0.0,553750810857.5,0.0
speed actual dir,3,Bi,LSTM_Twice,396426355932.5,0.0,553750466414.5,0.0
speed actual dir,3,Bi,RNN_Linear,557847318659.0,0.0,580549770394.0,0.013792445224127654
speed actual dir,3,Bi,RNN_Reference,396426302424.5,0.0,553754401308.5,0.0
speed actual dir,3,Bi,RNN_Third,396426355428.5,0.0,553750450655.5,0.0
speed actual dir,3,Bi,RNN_Twice,396426466162.5,0.0,553754587274.5,0.0
speed actual dir,3,Bi,UniTS,544906537361.0,0.0,572357703788.0,9.72358173116162e-69
speed actual dir,3,Conv,actual,563126816476.0,6.902869647033197e-259,570713871204.0,1.0599582068641777e-92
speed actual dir,3,Conv,GRU_Att_1,565153126113.0,7.744869990390819e-208,578870049935.0,2.8722668867956486e-08
speed actual dir,3,Conv,GRU_Att_2,564822542493.0,5.005201154722892e-216,578860583917.0,2.620710249207141e-08
speed actual dir,3,Conv,GRU_Att_3,566271681630.0,2.980221440441971e-181,577177614994.0,4.707389431705793e-18
speed actual dir,3,Conv,GRU_Att_4,565680803899.0,4.752331954373546e-195,578724419941.0,6.050199677082374e-09
speed actual dir,3,Conv,GRU_Linear,549732338534.0,0.0,579895136201.0,0.0002463401586856031
speed actual dir,3,Conv,GRU_Reference,395684442841.5,0.0,552828612441.5,0.0
speed actual dir,3,Conv,GRU_Third,395684438898.5,0.0,552828654993.5,0.0
speed actual dir,3,Conv,GRU_Twice,395684477798.5,0.0,552829899808.5,0.0
speed actual dir,3,Conv,LSTM_Linear,559067000374.0,0.0,571673258810.0,1.0951270485540057e-78
speed actual dir,3,Conv,LSTM_Reference,395685070082.5,0.0,552845471042.5,0.0
speed actual dir,3,Conv,LSTM_Third,395684443781.5,0.0,552828788911.5,0.0
speed actual dir,3,Conv,LSTM_Twice,395684433053.5,0.0,552828435296.5,0.0
speed actual dir,3,Conv,RNN_Linear,545489754322.0,0.0,580073652150.0,0.0008442323097935336
speed actual dir,3,Conv,RNN_Reference,395684365061.5,0.0,552832409962.5,0.0
speed actual dir,3,Conv,RNN_Third,395684432530.5,0.0,552828418932.5,0.0
speed actual dir,3,Conv,RNN_Twice,395684547722.5,0.0,552832715646.5,0.0
speed actual dir,3,Conv,UniTS,556506007157.0,0.0,578459104853.0,2.865519749987918e-10
speed actual dir,4,Bi,Conv,527336992646.0,0.0,567755202609.0,1.6052318620864089e-108
speed actual dir,4,Bi,actual,564783316899.0,8.721210917040641e-168,576323347688.0,2.351350128094515e-10
speed actual dir,4,Bi,GRU_Att_1,557523378575.0,0.0,578697499125.0,0.08873600253506295
speed actual dir,4,Bi,GRU_Att_2,556405056633.0,0.0,579043173087.0,0.286337505224623
speed actual dir,4,Bi,GRU_Att_3,557465272680.0,0.0,578588865018.0,0.0569371976781088
speed actual dir,4,Bi,GRU_Att_4,558088695000.0,0.0,578250437120.0,0.011525567524809488
speed actual dir,4,Bi,GRU_Linear,552661210272.0,0.0,574659538879.0,5.712554896143636e-20
speed actual dir,4,Bi,GRU_Reference,401247771150.0,0.0,550971536341.0,0.0
speed actual dir,4,Bi,GRU_Third,401247770806.0,0.0,550971526666.0,0.0
speed actual dir,4,Bi,GRU_Twice,401247770808.0,0.0,550971525978.0,0.0
speed actual dir,4,Bi,LSTM_Linear,564802757406.0,2.2960739911777798e-164,571800031308.0,3.780870345318294e-47
speed actual dir,4,Bi,LSTM_Reference,401247773323.0,0.0,550971610932.0,0.0
speed actual dir,4,Bi,LSTM_Third,401247773951.0,0.0,550971639538.0,0.0
speed actual dir,4,Bi,LSTM_Twice,401247770813.0,0.0,550971527049.0,0.0
speed actual dir,4,Bi,RNN_Linear,543728350448.0,0.0,577070370928.0,2.540899865826293e-06
speed actual dir,4,Bi,RNN_Reference,401247771064.0,0.0,550971534868.0,0.0
speed actual dir,4,Bi,RNN_Third,401247770815.0,0.0,550971526905.0,0.0
speed actual dir,4,Bi,RNN_Twice,401247770799.0,0.0,550971526454.0,0.0
speed actual dir,4,Bi,UniTS,555239647407.0,0.0,578054150517.0,0.00383969480916316
speed actual dir,4,Conv,actual,579028887474.0,0.17728258317640144,573576270246.0,4.167817906608766e-30
speed actual dir,4,Conv,GRU_Att_1,558442328628.0,0.0,576349949317.0,1.6370061736602734e-09
speed actual dir,4,Conv,GRU_Att_2,557788873107.0,0.0,576639540158.0,3.84693317060095e-08
speed actual dir,4,Conv,GRU_Att_3,558931158212.0,0.0,576453819877.0,5.215433943505438e-09
speed actual dir,4,Conv,GRU_Att_4,559293039155.0,2.110664954827816e-307,576046433411.0,4.402873427120168e-11
speed actual dir,4,Conv,GRU_Linear,550656315390.0,0.0,577936697590.0,0.0018862204918690738
speed actual dir,4,Conv,GRU_Reference,395331080863.0,0.0,555261946801.0,0.0
speed actual dir,4,Conv,GRU_Third,395331080489.0,0.0,555261938089.0,0.0
speed actual dir,4,Conv,GRU_Twice,395331080484.0,0.0,555261937457.0,0.0
speed actual dir,4,Conv,LSTM_Linear,561772699539.0,1.6385872893822901e-237,576819945424.0,2.384851359755884e-07
speed actual dir,4,Conv,LSTM_Reference,395331083036.0,0.0,555262012720.0,0.0
speed actual dir,4,Conv,LSTM_Third,395331083947.0,0.0,555262041217.0,0.0
speed actual dir,4,Conv,LSTM_Twice,395331080494.0,0.0,555261938397.0,0.0
speed actual dir,4,Conv,RNN_Linear,540159268464.0,0.0,576757230283.0,1.2767455328014689e-07
speed actual dir,4,Conv,RNN_Reference,395331080747.0,0.0,555261945505.0,0.0
speed actual dir,4,Conv,RNN_Third,395331080495.0,0.0,555261938322.0,0.0
speed actual dir,4,Conv,RNN_Twice,395331080479.0,0.0,555261937915.0,0.0
speed actual dir,4,Conv,UniTS,556645095431.0,0.0,575043452889.0,3.124353684576341e-17
speed actual dir,5,Bi,Conv,551370150249.0,0.0,539723024429.0,0.0
speed actual dir,5,Bi,actual,572389880654.0,1.61779562046157e-21,575274959583.0,2.746323490437071e-05
speed actual dir,5,Bi,GRU_Att_1,555028300866.0,0.0,576740304313.0,0.20968699080518172
speed actual dir,5,Bi,GRU_Att_2,556948588298.0,0.0,576462307507.0,0.07698879265160041
speed actual dir,5,Bi,GRU_Att_3,556848420709.0,0.0,574974059360.0,6.179802451357422e-06
speed actual dir,5,Bi,GRU_Att_4,554850559987.0,0.0,574955005357.0,5.2642346626875655e-06
speed actual dir,5,Bi,GRU_Linear,546446269037.0,0.0,572432206572.0,2.896632699584232e-20
speed actual dir,5,Bi,GRU_Reference,399496093029.5,0.0,549579427976.0,0.0
speed actual dir,5,Bi,GRU_Third,399496090107.5,0.0,549579371976.0,0.0
speed actual dir,5,Bi,GRU_Twice,399496092093.5,0.0,549579406069.0,0.0
speed actual dir,5,Bi,LSTM_Linear,546131946878.0,0.0,570243782752.0,3.5014134537071235e-40
speed actual dir,5,Bi,LSTM_Reference,399496090780.5,0.0,549579388447.0,0.0
speed actual dir,5,Bi,LSTM_Third,399496090101.5,0.0,549579371768.0,0.0
speed actual dir,5,Bi,LSTM_Twice,399496090115.5,0.0,549579372088.0,0.0
speed actual dir,5,Bi,RNN_Linear,539500139978.0,0.0,574936227554.0,4.371434658712483e-06
speed actual dir,5,Bi,RNN_Reference,399496090101.5,0.0,549579371767.0,0.0
speed actual dir,5,Bi,RNN_Third,399496104540.5,0.0,549578988371.0,0.0
speed actual dir,5,Bi,RNN_Twice,399496090127.5,0.0,549579372116.0,0.0
speed actual dir,5,Bi,UniTS,550928976869.0,0.0,574569675598.0,1.3595527322518396e-07
speed actual dir,5,Conv,actual,568581694837.0,1.2046602888962973e-61,568077592122.0,1.4572709618912378e-68
speed actual dir,5,Conv,GRU_Att_1,556270908947.0,0.0,572481851405.0,6.968958858075473e-20
speed actual dir,5,Conv,GRU_Att_2,558380205649.0,1.8959066995993005e-271,572164357081.0,2.598176363965479e-22
speed actual dir,5,Conv,GRU_Att_3,558181006843.0,4.10374729929673e-277,570753405786.0,6.730519637131201e-35
speed actual dir,5,Conv,GRU_Att_4,555848454883.0,0.0,570723361259.0,3.432919741883693e-35
speed actual dir,5,Conv,GRU_Linear,545368887759.0,0.0,574738442021.0,7.100676620574089e-07
speed actual dir,5,Conv,GRU_Reference,397624621282.5,0.0,554827225843.0,0.0
speed actual dir,5,Conv,GRU_Third,397624618907.5,0.0,554827172305.0,0.0
speed actual dir,5,Conv,GRU_Twice,397624620435.5,0.0,554827204499.0,0.0
speed actual dir,5,Conv,LSTM_Linear,544005774085.0,0.0,572423909936.0,2.5101153033265583e-20
speed actual dir,5,Conv,LSTM_Reference,397624619491.5,0.0,554827189002.0,0.0
speed actual dir,5,Conv,LSTM_Third,397624618904.5,0.0,554827172125.0,0.0
speed actual dir,5,Conv,LSTM_Twice,397624618915.5,0.0,554827172463.0,0.0
speed actual dir,5,Conv,RNN_Linear,537094849692.0,0.0,577025459433.0,0.4653933724688549
speed actual dir,5,Conv,RNN_Reference,397624618906.5,0.0,554827172124.0,0.0
speed actual dir,5,Conv,RNN_Third,397624632124.5,0.0,554826668127.0,0.0
speed actual dir,5,Conv,RNN_Twice,397624618923.5,0.0,554827172425.0,0.0
speed actual dir,5,Conv,UniTS,552268613097.0,0.0,575827112643.0,0.003222399287080232
